f1	precision	recall
0.8780013869062184	0.8780953933017246	0.8779599271402551
