features	f1	precision	recall
"  (0, 0)	1.0
  (0, 1)	3.0
  (1, 0)	1.0
  (1, 1)	3.0
  (2, 0)	2.0
  (2, 1)	6.0
  (3, 0)	4.0
  (3, 1)	20.0
  (4, 0)	6.0
  (4, 1)	22.0
  (5, 0)	5.0
  (5, 1)	17.0
  (6, 0)	1.0
  (6, 1)	2.0
  (7, 0)	3.0
  (7, 1)	12.0
  (8, 0)	4.0
  (8, 1)	19.0
  (9, 0)	8.0
  (9, 1)	28.0
  (10, 0)	1.0
  (10, 1)	4.0
  (11, 0)	3.0
  (11, 1)	11.0
  (12, 0)	1.0
  :	:
  (1409, 1)	14.0
  (1410, 0)	6.0
  (1410, 1)	41.0
  (1411, 0)	4.0
  (1411, 1)	21.0
  (1412, 0)	5.0
  (1412, 1)	81.0
  (1413, 0)	1.0
  (1413, 1)	6.0
  (1414, 0)	8.0
  (1414, 1)	41.0
  (1415, 0)	1.0
  (1415, 1)	2.0
  (1416, 0)	1.0
  (1416, 1)	4.0
  (1417, 0)	8.0
  (1417, 1)	44.0
  (1418, 0)	3.0
  (1418, 1)	10.0
  (1419, 0)	1.0
  (1419, 1)	2.0
  (1420, 0)	1.0
  (1420, 1)	4.0
  (1421, 0)	35.0
  (1421, 1)	170.0"	0.6609088871213492	0.6690255618459428	0.6666666666666666
