f1	precision	recall
0.29657989116292754	0.21743789834804794	0.4663023679417122
