features	f1	precision	recall	roc_auc
w2v_glove.nxt_cat.prv_cat.nauthors.conv_size.time.count	0.9665551839464884	0.9352750809061487	1.0	0.9615384615384616
w2v_glove.nxt_cat	0.8699029126213592	0.8648648648648649	0.875	0.8777730375426621
w2v_glove.prv_cat	0.8974789915966387	0.898989898989899	0.8959731543624161	0.8882256210059093
w2v_glove.nxt_cat.prv_cat	0.8960817717206133	0.8915254237288136	0.9006849315068494	0.8880856564149033
w2v_glove.nxt_cat.prv_cat.nauthors.conv_size.time.count	0.9665551839464883	0.9352750809061489	1.0	0.9615384615384616
