0,1,accuracy,macro avg,weighted avg
0.9390756302521008,0.05333333333333334,0.8185117967332124,0.4962044817927171,0.8860275435037899
0.862934362934363,0.12121212121212122,0.8185117967332124,0.4920732420732421,0.8185117967332124
0.8993963782696178,0.07407407407407408,0.8185117967332124,0.48673522617184595,0.8499669117751478
518.0,33.0,0.8185117967332124,551.0,551.0
