0,1,accuracy,macro avg,weighted avg
0.9415322580645161,0.07272727272727272,0.8548094373865699,0.5071297653958944,0.8894985656577483
0.9015444015444015,0.12121212121212122,0.8548094373865699,0.5113782613782614,0.8548094373865699
0.9211045364891519,0.0909090909090909,0.8548094373865699,0.5060068136991214,0.8713832121622154
518.0,33.0,0.8548094373865699,551.0,551.0
