0,1,accuracy,macro avg,weighted avg
0.9436619718309859,0.09259259259259259,0.8602540834845736,0.5181272822117893,0.8926904845081782
0.9054054054054054,0.15151515151515152,0.8602540834845736,0.5284602784602784,0.8602540834845736
0.9241379310344827,0.11494252873563218,0.8602540834845736,0.5195402298850574,0.8756743225483447
518.0,33.0,0.8602540834845736,551.0,551.0
