0,1,accuracy,macro avg,weighted avg
0.9726775956284153,0.0,0.969147005444646,0.48633879781420764,0.9461981692501463
0.996268656716418,0.0,0.969147005444646,0.498134328358209,0.969147005444646
0.9843317972350231,0.0,0.969147005444646,0.49216589861751153,0.9575351058402402
536.0,15.0,0.969147005444646,551.0,551.0
