0,1,accuracy,macro avg,weighted avg
0.3692870201096892,0.25,0.3684210526315789,0.3096435100548446,0.2943808332531511
0.9853658536585366,0.002890173410404624,0.3684210526315789,0.4941280135344706,0.3684210526315789
0.5372340425531915,0.005714285714285713,0.3684210526315789,0.2714741641337386,0.20346664533674613
205.0,346.0,0.3684210526315789,551.0,551.0
