0,1,accuracy,macro avg,weighted avg
0.9723756906077348,0.0,0.9582577132486388,0.4861878453038674,0.9459044830594298
0.9850746268656716,0.0,0.9582577132486388,0.4925373134328358,0.9582577132486388
0.9786839666357737,0.0,0.9582577132486388,0.48934198331788686,0.9520410274351628
536.0,15.0,0.9582577132486388,551.0,551.0
