features	f1	precision	recall	roc_auc
w2v_glove.time.nauthor.conv_size	0.9588014981273408	0.920863309352518	1.0	0.962457337883959
w2v_glove.time.nauthors	0.9536	0.91131498470948	1.0	0.9422310756972112
w2v_glove.time.conv_size	0.9589490968801314	0.9211356466876972	1.0	0.9513618677042802
